"","id","new_score"
"1",1178,31.0216335729916
"2",4954,23.3050000173274
"3",1269,29.9575733989258
"4",5269,33.2489750368282
"5",143,31.1685025433135
"6",2531,28.713522477294
"7",3219,31.4117032201336
"8",967,31.7126629679084
"9",4567,25.9660265125287
"10",5281,31.6072536374317
"11",4662,29.5290284770613
"12",3001,23.5226753744627
"13",3508,32.3368189841242
"14",2266,28.2528632139866
"15",218,27.5878761497593
"16",5501,30.3142517627765
"17",3789,31.1557037926338
"18",2262,27.2274256693877
"19",1108,26.2449255580141
"20",4679,27.5999977464558
"21",674,29.5079739389381
"22",5547,31.7025158626584
"23",1395,28.509046549891
"24",3936,26.9689758696759
"25",3706,22.3600212202303
"26",415,34.4934577565736
"27",4471,37.7467232116024
"28",4880,28.1683200557776
"29",4335,32.6529352070625
"30",1870,25.3341846490978
"31",4115,29.2282727775251
"32",2459,27.3375996727619
"33",797,28.4185976245234
"34",2918,29.9689013348516
"35",1389,28.8627894410413
"36",1927,27.1083100267743
"37",2242,28.8939399947396
"38",3284,31.1396844837314
"39",650,31.0396885652134
"40",4396,28.5758960920347
"41",4877,20.3328873394271
"42",1487,31.6429132615818
"43",58,35.8108420887773
"44",1820,31.0490738711662
"45",5323,28.5992713783072
"46",4795,29.0292924496822
"47",5040,25.1724738190738
"48",1832,31.6250091547467
"49",1314,27.0101672686837
"50",2296,30.9699647097435
"51",3280,27.0053615192652
"52",2111,30.3173128155522
"53",4642,28.2089951422364
"54",5817,27.972661769548
"55",2632,28.3255031284265
"56",1248,29.9754782808485
"57",611,30.4199803015181
"58",3472,31.8842947832246
"59",422,35.7863038146276
"60",5463,33.6046491439416
"61",2362,27.1779606289621
"62",1441,29.0361814238038
"63",2329,25.6578031895631
"64",2937,22.4605929361541
"65",3173,26.0594691085308
"66",968,30.8703825794503
"67",3270,31.6279966963239
"68",4482,36.7439276801013
"69",4738,30.1517402411158
"70",1010,33.2428126142918
"71",1888,24.4901522316981
"72",1414,29.195963486641
"73",4136,26.7816750471641
"74",5178,32.0131472255819
"75",1143,26.2484727037082
"76",1172,26.6728225666827
"77",321,28.4191585886839
"78",206,27.5888470469222
"79",4815,28.3377935390604
"80",5191,30.7322186290577
"81",418,33.6634326751534
"82",2838,27.5181827725045
"83",523,28.177615998082
"84",1332,24.8931531880996
"85",1787,33.6002675092725
"86",200,25.5337443336199
"87",4985,38.3360650905575
"88",1894,25.6866932554252
"89",1557,28.9338049090557
"90",1410,28.6690888378507
"91",4191,29.5495799262338
"92",2634,27.0367803979609
"93",4801,28.5450954174105
"94",3914,29.8822822584315
"95",3165,24.743802149673
"96",16,32.3188688885575
"97",1432,30.5857515866454
"98",146,30.9478748691706
"99",3824,25.6054321857334
"100",5169,31.2621579717172
"101",1615,28.0558918176761
"102",1205,28.366324608424
"103",1047,31.8770510486546
"104",4895,24.1956682341149
"105",1338,29.0474616567471
"106",1666,30.7217671381602
"107",5845,30.455100237258
"108",3530,32.1440749795366
"109",2300,26.3539028268627
"110",3949,27.030511525208
"111",1144,28.2371475489208
"112",4613,28.1674796534487
"113",5590,33.1266672011659
"114",3449,32.4228218797911
"115",1954,25.4087541619478
"116",632,35.3155914797154
"117",5208,33.8046051036516
"118",4512,35.9844664598646
"119",1087,26.1923732500731
"120",4179,27.4691898791353
"121",357,28.9254178709897
"122",5572,28.5300801807275
"123",4009,27.7102463839528
"124",3417,31.4573765423367
"125",2109,26.9974661434228
"126",1377,25.3491650362744
"127",3594,27.9958128232551
"128",2728,23.3210411030602
"129",1627,30.3672441846559
"130",4767,29.9110621919242
"131",323,30.8193222223817
"132",4558,26.7318515226182
"133",1864,28.662250716273
"134",2776,29.1958103151092
"135",4890,14.8947494143812
"136",989,34.3516528880793
"137",2903,31.1778577173127
"138",5575,34.3802089511774
"139",1345,25.7375411408181
"140",4228,28.8904880516487
"141",2805,27.1683209341484
"142",5186,29.6983212796605
"143",5506,29.9034418285497
"144",3089,28.1636127505591
"145",4653,23.4891723172901
"146",3384,34.0550958587639
"147",3939,28.8946008617051
"148",345,29.9923733211645
"149",1678,34.1525289594109
"150",3780,27.4875233129867
"151",4902,40.107207938041
"152",5373,29.9546025023112
"153",4428,31.9634790306648
"154",3722,23.6842467890371
"155",4527,37.0708807196409
"156",2234,28.8433766158201
"157",3360,35.2455616003826
"158",5339,30.1701320697507
"159",2444,30.5074195012983
"160",4052,23.8669904063449
"161",1985,28.4209304499555
"162",4079,28.7748091052549
"163",2025,27.5677126306795
"164",1658,32.0642775135127
"165",5512,29.2282378069449
"166",2287,27.4800736480395
"167",5221,32.8175792853281
"168",3445,34.732831584324
"169",5147,27.7138500329497
"170",3106,25.3866127114476
"171",3809,29.2120422808358
"172",2821,28.6740745790013
"173",4480,35.7676498909001
"174",1987,26.2872165857769
"175",1932,25.5302295114079
"176",1312,27.8460124427102
"177",3131,26.3624115726739
"178",3210,27.8265337027205
"179",458,31.9284760627183
"180",1535,27.8565534780423
"181",470,33.8443775659918
"182",732,31.4281751709845
"183",439,34.4276723260439
"184",1873,30.9117001271541
"185",1792,29.1300388882111
"186",5136,30.0457035015554
"187",1731,34.0394814479315
"188",2434,25.5698041218383
"189",4300,31.3354118687848
"190",3704,30.7828892165226
"191",2371,28.2983144151189
"192",1916,24.7836418160998
"193",4002,26.759125336214
"194",2420,32.0218181919047
"195",2739,22.4440779056629
"196",260,27.1839249102476
"197",4279,31.538649705148
"198",2170,25.5236286230901
"199",1668,30.1185476621582
"200",5002,28.5053205954867
"201",4520,38.7287634084331
"202",934,32.7344346099363
"203",77,32.5068958109884
"204",3031,22.3071143325202
"205",2308,27.7218651202681
"206",878,27.5503609318243
"207",2992,22.6648263196012
"208",3288,29.2803419672208
"209",3463,31.4315035012594
"210",1602,31.792508118178
"211",194,22.6410021108856
"212",1216,30.8734006176121
"213",1355,28.2194971672211
"214",4408,37.5504624915101
"215",4130,27.2298687854234
"216",943,32.9917255216779
"217",3600,27.5551718732935
"218",9,30.8529915507377
"219",702,31.3192774533676
"220",491,31.9407706578813
"221",2533,25.6978717526429
"222",193,25.1246345542318
"223",116,28.0860544397149
"224",4719,29.4214402370776
"225",4812,29.0770358906949
"226",856,33.6842136426748
"227",2445,29.6688446105819
"228",1897,27.5790778969791
"229",1789,27.9727711560968
"230",563,29.9812161041202
"231",3778,30.5597298155095
"232",3153,24.2892034938052
"233",3727,24.3602270643483
"234",3900,31.0127847964755
"235",1368,31.9848643726472
"236",5751,27.1792008937942
"237",2008,30.092321855729
"238",5602,32.7778391211719
"239",4448,34.2579711681226
"240",2239,26.5728200228228
"241",2343,25.7877454489434
"242",2024,27.0738545815458
"243",3650,24.7983074715765
"244",5366,27.4758456252767
"245",3149,25.5181224193257
"246",2811,28.1664701431634
"247",5561,33.1890753581812
"248",2213,27.7940867105734
"249",4855,31.6355906528991
"250",876,27.6797929022855
"251",3770,26.7700711242567
"252",1898,20.6002626623279
"253",4268,31.671401177583
"254",3158,27.7270055808669
"255",4030,28.8716213089464
"256",4658,28.9257335489639
"257",3783,29.5180126920166
"258",5711,31.4335174597501
"259",1688,32.2714488445582
"260",3268,27.7970118580549
"261",2701,20.6360522020282
"262",5514,29.2147575270359
"263",2645,28.4409374782067
"264",215,23.974564705048
"265",3362,35.0911574167536
"266",3956,28.1053446956571
"267",3289,28.7175976790479
"268",2904,32.1297553383043
"269",1165,31.6081994506479
"270",580,30.1914700442898
"271",4149,24.526039319272
"272",4870,33.2334673129506
"273",3245,29.065617320011
"274",3235,26.4681738794176
"275",5110,27.9480346859069
"276",2263,31.9065471059661
"277",4720,24.7569144047616
"278",672,32.2283060009582
"279",3014,23.2371556697789
"280",1020,32.0046873280349
"281",3330,27.7718106646831
"282",5605,29.2151464355517
"283",3619,25.4357673760153
"284",3166,30.007744170058
"285",2264,31.0206616529409
"286",5686,32.8945429909265
"287",2487,26.6810641772252
"288",5400,30.8730330667418
"289",3656,20.9723588294947
"290",2292,28.8782896986673
"291",2787,23.4273164334567
"292",4418,38.9312913418744
"293",690,27.241822092909
"294",5793,32.5079628481939
"295",1128,27.6320622718266
"296",873,26.0281493784423
"297",4588,22.7541067238738
"298",5065,33.5489189395886
"299",1717,34.621983615044
"300",309,26.4660606061046
"301",2929,25.7458349150464
"302",3162,30.3197362925657
"303",4759,28.074464392377
"304",1064,25.5891119191888
"305",2214,29.2076103363828
"306",4661,28.7341037915753
"307",5824,28.5636425751001
"308",1543,23.1766953341515
"309",2469,24.5803141001403
"310",5080,39.4227087669148
"311",5259,35.8244481437667
"312",3969,30.979829575526
"313",665,28.2344776138921
"314",5106,37.1870405793459
"315",1607,31.8913858681455
"316",3251,30.0358571243252
"317",5174,32.3594980851884
"318",62,29.333220357016
"319",544,29.9926666335303
"320",5294,24.5971300666186
"321",3887,28.6069057606695
"322",2635,28.3422870224669
"323",5418,32.2722762681637
"324",4693,26.4864759945376
"325",620,31.6897632447228
"326",4652,26.8001396458075
"327",5596,32.2199968589475
"328",2626,30.6724085080048
"329",4391,34.6146673127633
"330",5396,30.3370607782826
"331",1896,29.1073896888921
"332",1647,35.0833707637005
"333",5819,31.5749356674685
"334",4577,27.0535338246186
"335",1036,32.9345301373704
"336",5144,32.8141008706514
"337",2476,25.0336643250863
"338",2960,24.6335415042887
"339",1074,28.6631725552405
"340",278,27.3622614098928
"341",4695,36.3814869438854
"342",2936,25.7170671084999
"343",2935,23.6670074811551
"344",2467,25.6774653321605
"345",654,31.0143884863154
"346",4034,35.3633580983243
"347",1133,28.6376188995081
"348",886,28.7947175764904
"349",4424,30.3678611115581
"350",1490,31.9666696421608
"351",5168,33.6289887268669
"352",1948,32.0340100158741
"353",247,27.6811647102151
"354",4437,36.204312752812
"355",5197,28.4289151034093
"356",1783,30.1765593114922
"357",4733,27.7656619096837
"358",4781,26.8250416388097
"359",74,28.9263076782135
"360",4476,39.399737653363
"361",2419,32.354639680839
"362",3581,34.3457593260961
"363",4430,33.1166127004418
"364",5032,27.3101707171866
"365",1540,27.2133842914039
"366",2669,26.2760575420034
"367",4470,35.0308528698652
"368",4404,36.0520946983462
"369",1141,25.7480643021252
"370",2298,26.7936462532549
"371",1574,26.3407785575981
"372",5298,26.8221018304856
"373",4499,35.1022521256787
"374",1025,33.4133200748516
"375",3051,28.4219349890893
"376",4754,27.0192048590229
"377",2954,24.334242428085
"378",1680,27.5995543455464
"379",4918,16.0977895649804
"380",3121,27.1417032485331
"381",4047,29.091285068857
"382",1166,27.0277241926091
"383",1623,29.7009134321048
"384",5352,29.6329653455647
"385",2536,26.8600430537304
"386",1510,26.8185391492888
"387",3473,31.6729281526338
"388",63,25.0470694585063
"389",2941,21.8402376923124
"390",4056,28.692440558479
"391",3613,27.9230768686681
"392",3931,27.9499971152216
"393",3334,25.3789570112489
"394",2470,25.394503862706
"395",5195,28.702969851303
"396",1275,27.9599005960619
"397",445,31.163821391324
"398",5148,31.7203825062939
"399",3459,35.5410621419293
"400",1459,31.4643747891529
"401",4429,35.0383491772071
"402",1856,27.0989873737688
"403",4440,38.1543905300678
"404",3997,30.2003555130406
"405",2867,30.0033306629384
"406",3762,27.7932194754825
"407",2322,27.780223969809
"408",2984,21.8341289608485
"409",5560,31.1323893874323
"410",5210,33.8408913649043
"411",2846,31.8562673018625
"412",5292,23.6219642192101
"413",3385,32.8059466540334
"414",3116,31.2532142400525
"415",158,28.6221911092866
"416",5243,33.2556562158858
"417",4379,33.6454630830027
"418",3977,27.9616131323941
"419",5782,28.7387296233117
"420",4951,49.9254685654191
"421",226,24.7812206838762
"422",1270,26.6878949306728
"423",5130,31.678864698058
"424",694,34.58737094824
"425",3635,23.6437925870114
"426",2563,29.3610864226157
"427",4536,32.9770828130674
"428",3950,28.1839275668884
"429",2837,33.3647854453535
"430",4547,30.1850393130204
"431",1044,33.4374977297285
"432",1816,28.5436619205385
"433",4306,32.3497780402739
"434",1498,31.3196258833923
"435",3731,27.3853377212105
"436",2441,27.2134943707857
"437",5187,32.5680706951683
"438",2842,32.0358658907062
"439",4387,33.7141717309775
"440",5499,32.0709216162457
"441",2091,23.6221570361254
"442",1972,25.7177377278897
"443",2133,28.5580382102514
"444",4692,26.2508780667707
"445",5529,30.6352233532955
"446",5604,29.1674966696482
"447",859,30.8754250425238
"448",3043,28.0814946069501
"449",5407,31.8368820926031
"450",1452,28.739605546617
"451",474,31.5141062136448
"452",4178,30.5750075959543
"453",3886,31.7461056052781
"454",4581,26.5823605348241
"455",1516,28.0155563196076
"456",1145,27.950545969997
"457",4921,43.4510337687751
"458",2489,32.1582351801594
"459",339,29.5199183791214
"460",3561,32.9918126026507
"461",5479,34.5815779502229
"462",5571,33.0269848296081
"463",575,32.1759000522925
"464",3252,30.7694427808881
"465",515,30.1622764080097
"466",3746,27.8865108789607
"467",361,32.3656271207948
"468",1583,27.3061823439364
"469",2517,26.091748797795
"470",1353,29.15483716124
"471",2693,24.6762013835294
"472",3109,24.2869161969848
"473",2065,21.5450637793604
"474",5117,27.8857314714208
"475",5491,28.9930463559159
"476",2117,24.7048042358497
"477",3705,28.7074601471959
"478",2046,26.303371407164
"479",5033,35.8452593399159
"480",3359,33.9530578869707
"481",2841,30.6680049428096
"482",3247,29.3497099150571
"483",1126,27.2139020942266
"484",802,27.32221892258
"485",3169,24.6926025835788
"486",211,29.8713483233563
"487",4737,27.5331745647384
"488",1749,34.4254571991588
"489",2973,20.9102126796517
"490",5777,32.154134470242
"491",1677,31.2174043896243
"492",1579,27.1836510841647
"493",2832,28.6537293745818
"494",612,27.3169090024244
"495",3987,32.0519090729144
"496",704,30.6529070825194
"497",4646,30.7356064858203
"498",5527,35.0405450675316
"499",4854,34.1294602340747
"500",4770,26.2542740846967
"501",4113,28.8301772561528
"502",185,24.3857985743361
"503",1065,27.4238790194783
"504",2562,27.8811273128425
"505",1598,29.6140580164968
"506",5428,31.9673599178349
"507",4989,34.2681707640688
"508",2388,27.4456389777739
"509",4319,25.1117207173043
"510",4600,26.5816270830559
"511",1110,29.7021388146349
"512",2453,27.8975959763535
"513",1435,27.2040910431987
"514",3847,29.3733857993424
"515",4152,25.5354227300229
"516",3584,24.3324241992454
"517",3350,35.0040474255102
"518",1138,28.6735646362594
"519",4332,29.3528299889821
"520",1002,31.295987110722
"521",1196,28.5659789785017
"522",5256,34.7320934533178
"523",3468,32.1639575892687
"524",3024,25.7163151461017
"525",3660,22.660032159498
"526",246,22.8824260541846
"527",4296,29.5837871086171
"528",5361,33.5304273939187
"529",453,34.0674534084879
"530",1161,30.5714626363637
"531",4760,26.7687647972068
"532",3604,29.7345113930935
"533",5264,32.2361219256452
"534",5196,27.071293976031
"535",972,34.2463139557775
"536",2535,25.6007390972681
"537",997,36.6179254241503
"538",2180,28.0828032346216
"539",5037,29.6945140310859
"540",2818,30.6216745040466
"541",5026,26.5036406043097
"542",990,33.4034266427374
"543",245,26.4668084480462
"544",4914,21.5031370482934
"545",2069,23.3830838737619
"546",776,30.5518470260172
"547",5704,30.2110307791548
"548",688,29.268454303278
"549",3421,31.669782957646
"550",4698,29.5873032375842
"551",5314,30.4961473864765
"552",4517,33.1958265249753
"553",933,31.2114274127932
"554",5313,29.1303342362455
"555",2862,31.2482090110561
"556",256,24.2919159872028
"557",3760,29.7032031349472
"558",1428,24.490390138397
"559",4308,27.7679150528994
"560",3881,30.9019189363983
"561",1570,27.6513649910298
"562",5557,28.3238441291144
"563",1646,32.5646229305462
"564",4866,42.2624319359405
"565",4830,29.563946088283
"566",1421,27.8179470740829
"567",3117,25.4115729211586
"568",5013,38.1694249247606
"569",5783,29.7906514974819
"570",297,28.8273259758391
"571",4632,32.8148282470221
"572",5450,34.9707040762721
"573",2555,26.0713114775005
"574",534,29.9572315183441
"575",3179,29.1212873360501
"576",4194,23.8601750106023
"577",762,30.6176045484589
"578",1298,27.2883353430013
"579",186,25.6620326844344
"580",2137,31.061521873695
"581",4863,31.2502046991249
"582",5189,30.0746016374677
"583",442,33.8691136204006
"584",3830,31.2178559171021
"585",18,31.4396683190362
"586",4280,29.8323283435802
"587",5128,29.249961416933
"588",940,32.8398760825895
"589",4438,37.5462898654084
"590",2340,25.590522050367
"591",3645,23.5112468822136
"592",123,30.9246754594482
"593",4838,29.768195945847
"594",3504,28.2186171015206
"595",289,23.1081498728018
"596",5265,32.4642140127597
"597",3227,29.1157168024721
"598",3176,24.6495205854618
"599",4250,31.8392908690041
"600",752,31.7294056716432
"601",3327,28.1613527817869
"602",3216,30.3269212142614
"603",811,26.6169170224433
"604",999,30.1112615142915
"605",5541,28.4342569632212
"606",3757,29.2731640093993
"607",3541,29.3704730886066
"608",4193,30.7161957876432
"609",2042,22.2254954846969
"610",701,32.2184383675189
"611",5167,31.1924394248003
"612",2030,29.4919418357439
"613",79,31.5614378947051
"614",3791,27.4403912319414
"615",1641,33.7639327482441
"616",5310,27.8082964432578
"617",5549,29.9206773999978
"618",3206,28.5001148583691
"619",3571,28.4633421476442
"620",4627,28.0373201164571
"621",4206,29.8333546980576
"622",2101,27.3576915660207
"623",2282,28.2278438731108
"624",5413,29.6660899249558
"625",5857,30.8416826251516
"626",3828,32.0261220403192
"627",3693,26.8224601585242
"628",4741,28.0966925012701
"629",366,29.1370589069225
"630",2599,29.4726836335569
"631",2026,29.1969864084474
"632",4552,28.7071905275043
"633",310,27.1059561930784
"634",2900,29.3396352817949
"635",2951,21.3484804512297
"636",2135,25.7385708351314
"637",1347,28.4111435773785
"638",2546,29.1855483975985
"639",1409,26.7116946434342
"640",3393,30.8153675239305
"641",1099,27.6550928046863
"642",1858,26.205812639346
"643",4412,36.7950820509473
"644",5513,29.7636114397931
"645",4944,31.6516164891954
"646",2808,33.5626605763839
"647",5807,28.175239205393
"648",2649,29.4704118124951
"649",1769,27.5480501021696
"650",3835,27.4984139370053
"651",4621,25.0120056319739
"652",1596,29.5993656724062
"653",3486,30.7851063055241
"654",1190,29.0492577156297
"655",721,31.026847200577
"656",4439,31.9951146187192
"657",2747,24.2462521376023
"658",305,27.9090070811836
"659",3323,26.3451750013586
"660",1713,37.6042817187649
"661",4806,28.6934396941399
"662",1046,34.6019049398293
"663",1525,28.9286381073102
"664",2578,28.4410039958565
"665",5802,31.3410785148644
"666",1649,31.9645296134232
"667",2072,29.7407350181387
"668",870,30.2035001322438
"669",3957,29.0508390919953
"670",3922,27.7204357303445
"671",265,23.34975404865
"672",4177,30.3267772765801
"673",4346,29.0141408925576
"674",1188,31.56452223085
"675",4677,29.3239568400976
"676",979,33.624862645318
"677",3919,29.1930262017942
"678",490,30.1022716538661
"679",5823,27.4335334974243
"680",1256,28.1901284400344
"681",3686,21.7578311807415
"682",869,29.5861927973511
"683",4053,30.5277558410729
"684",3301,28.6074028052394
"685",1949,30.5943934778494
"686",4861,28.5422899201977
"687",432,29.6614509128572
"688",3557,32.8891921140921
"689",3090,26.61362093494
"690",4663,29.7345197376504
"691",1842,30.4794210238323
"692",5495,27.4634733371904
"693",526,29.2590574190842
"694",4578,27.6269437257182
"695",3072,27.1318523133871
"696",301,30.856755024221
"697",2503,29.9427093384479
"698",3455,34.0185376865182
"699",5088,34.3485294055777
"700",3136,28.3663102132137
"701",1885,26.6667676552893
"702",909,34.6802438019508
"703",2797,27.0021175278657
"704",2395,25.0519451565763
"705",1026,30.9108881462686
"706",1304,29.1900591090135
"707",2084,25.8644788998372
"708",1935,27.4091278653545
"709",5713,33.5003914744862
"710",3462,34.0074120944263
"711",1491,33.1805819552401
"712",842,32.0338759275121
"713",761,31.6750229354772
"714",3618,24.9302007548145
"715",2848,28.0826254088992
"716",3189,27.5704255734151
"717",5865,30.8692142297463
"718",3457,33.0435664271777
"719",379,29.3811241251579
"720",5415,26.9948805503412
"721",467,32.1713384418728
"722",1676,31.5390814361766
"723",5765,30.5586686279002
"724",5328,25.8298405977415
"725",3701,26.3396135803032
"726",2032,26.046754520621
"727",564,30.9305520215595
"728",15,32.6279748511338
"729",5552,30.4121897561824
"730",2887,31.6744104461192
"731",1847,31.7395757078772
"732",3122,24.9519536418919
"733",2958,22.7435890699533
"734",1686,29.1184022724254
"735",4664,26.5601630883961
"736",1840,26.4647145500283
"737",2407,31.7862309753153
"738",3067,29.4170881330199
"739",5477,27.7315765241828
"740",4937,37.1164847198272
"741",827,28.2916979548404
"742",3095,24.9677411739236
"743",2359,28.9001204037124
"744",1967,27.902519369193
"745",2390,25.9203148021343
"746",5531,31.4754960224841
"747",4584,26.8211149081448
"748",4351,29.4819636280777
"749",3825,25.6405024618352
"750",81,33.1025631560453
"751",1265,31.4408020030783
"752",3423,29.9306757410776
"753",5755,31.1113173519632
"754",3893,30.7662766061067
"755",1659,32.7401705856724
"756",1251,26.9600937979035
"757",810,27.8861373318477
"758",4325,26.9154098718765
"759",2303,29.2639493545157
"760",2232,28.810977616175
"761",5585,35.2614370953757
"762",850,30.4991912119759
"763",96,31.827108224926
"764",5427,34.040119039142
"765",3928,28.9472113390056
"766",4617,30.4621310623589
"767",4029,29.7932847357421
"768",4386,31.3231654498678
"769",2070,25.3201240067573
"770",686,29.8701969582921
"771",2365,25.5801508426901
"772",5457,28.4807706279182
"773",3387,30.6739583664062
"774",2295,28.8287553964391
"775",1401,29.0826519093772
"776",5600,31.7800001784209
"777",5875,31.2658686113483
"778",5387,24.5479244855171
"779",2590,26.1560365831063
"780",2890,32.443830927262
"781",1268,30.5221585659345
"782",751,30.6840831502752
"783",4068,26.503182275922
"784",2093,22.651297062649
"785",5486,30.4955905298999
"786",941,29.0470094896248
"787",1449,28.2872615062391
"788",4271,26.3939110849016
"789",3849,28.6139222213383
"790",1043,30.7134279354853
"791",530,34.7604482704343
"792",3038,23.216297070947
"793",3134,26.7122309143397
"794",147,28.5322103853951
"795",1626,31.8202217003003
"796",4458,34.5895312505187
"797",1276,27.8586889470688
"798",4910,28.2850907066804
"799",4234,29.046058122266
"800",5326,30.2676194421892
"801",4594,26.2682733723869
"802",1712,37.2881422035563
"803",1959,27.7896306334418
"804",2878,31.3819379674498
"805",4147,25.5380727875754
"806",2548,28.2824997791581
"807",2993,23.6079480813626
"808",2311,26.7187350603188
"809",2711,22.8645541996765
"810",1732,34.6747441601053
"811",3154,26.1681007949734
"812",4091,27.6728543050244
"813",298,27.8600058751165
"814",1886,23.1989697749045
"815",353,24.7993578991595
"816",1914,25.3941828725458
"817",258,28.4555220693446
"818",3785,26.4408165875533
"819",4094,25.5791576475746
"820",4390,32.6087448804136
"821",5691,36.3632790110844
"822",706,32.1427771626888
"823",1423,28.9072685448518
"824",782,29.0595174560189
"825",4263,29.9307583983601
"826",4259,29.2994817420438
"827",5656,30.5826326545773
"828",5562,33.5908767974573
"829",4685,30.9084642668036
"830",1335,25.2106532347816
"831",2228,26.130163561968
"832",5565,34.7252071913944
"833",3194,25.1554793595425
"834",3105,23.5628362735941
"835",3820,27.7277476155441
"836",296,26.4161436547864
"837",5283,29.4197752284055
"838",1192,27.6935209863562
"839",2277,25.4149840885435
"840",1003,33.0764143026316
"841",553,31.6942362567794
"842",68,28.7068748756777
"843",5389,29.663910506657
"844",1289,32.8694857740942
"845",262,23.8676969010903
"846",1697,29.6636846755631
"847",3774,26.0961461197775
"848",4185,34.3694631067144
"849",2336,25.3469655189494
"850",5740,31.5119585008567
"851",3663,24.5117968976286
"852",4648,28.5953786511866
"853",4569,27.937313730276
"854",5062,26.202632043627
"855",4506,33.5136406700467
"856",1689,28.3073528916234
"857",221,26.8944145494908
"858",4799,30.055613621584
"859",4595,26.5520438837692
"860",4165,23.1163142199687
"861",267,26.7111461888412
"862",394,30.6424535922587
"863",4212,31.0116799578655
"864",503,30.9196080756015
"865",4968,33.7040261226096
"866",4035,29.4564676753957
"867",4943,31.8790491111911
"868",3941,27.8842616190489
"869",5698,34.9771105620834
"870",5405,29.9125842461444
"871",3521,26.845211338226
"872",2122,25.3316125546264
"873",5099,27.2565859407744
"874",4326,24.7155952459602
"875",5712,36.9780417577824
"876",5441,33.8101934315422
"877",2898,29.1031442107833
"878",5063,25.7876926926675
"879",1684,30.8139583753905
"880",2865,31.1620286337863
"881",3672,25.4477799347749
"882",5152,29.8809343135259
"883",4771,27.6285400904503
"884",4086,26.8297161524059
"885",4455,36.8687121748964
"886",2606,27.8139784657948
"887",4238,28.810537319057
"888",274,28.2118191224573
"889",2969,23.0819115374459
"890",4958,26.3329721422041
"891",3720,27.1731462176341
"892",2901,28.7693398982776
"893",3544,32.3281671839736
"894",1136,28.0847077378579
"895",4090,22.5632357866576
"896",5582,34.7862921814294
"897",5009,27.9065414523549
"898",993,33.1572677257912
"899",4597,22.3267311410596
"900",4060,23.3813913520809
"901",983,29.9323903827217
"902",3610,24.5433392814494
"903",5384,31.8540442258666
"904",3518,34.386183151292
"905",4645,28.9681915817616
"906",1483,28.6216243253952
"907",4550,33.3331571474369
"908",2923,31.3102503587508
"909",1057,26.6045370457391
"910",5368,21.5273883764047
"911",4580,28.4826164474643
"912",2920,34.2038814643947
"913",2299,26.7362565287543
"914",4077,25.5007118013663
"915",1224,30.2185312536235
"916",1193,29.1288523846242
"917",825,27.0713522709824
"918",5663,33.8250701679842
"919",5356,30.978430783666
"920",3903,30.5611585335328
"921",212,24.0351776239526
"922",3781,30.0180050457004
"923",1122,27.6038788946773
"924",1103,32.7503190700219
"925",137,26.8298515607603
"926",330,29.6177784461869
"927",3605,31.4568118785481
"928",4197,28.6687687603435
"929",867,30.0237973814636
"930",2856,28.4659048126926
"931",1447,27.5571552012088
"932",1431,23.83454083698
"933",4260,31.2899861944615
"934",2305,25.7240584445131
"935",4316,31.0888810531099
"936",1775,29.628042962992
"937",378,29.6192835888027
"938",3869,37.0212330178259
"939",2915,35.1939871111021
"940",5636,35.6375101402909
"941",3172,26.2912052637741
"942",1158,28.9745836883519
"943",3333,30.5880755837512
"944",2926,30.9406218329299
"945",5138,28.5301678170447
"946",2284,27.5505108022816
"947",3049,26.5142148082792
"948",1098,29.7608114472749
"949",2559,26.1676386843355
"950",4841,28.0918284352261
"951",3578,30.0647896053789
"952",5093,30.2020794436898
"953",120,30.1436173688006
"954",5067,26.8604898026592
"955",3220,28.4492406138652
"956",3260,27.8721913528313
"957",4940,26.0226142489412
"958",2409,28.4372761195234
"959",3689,23.0836980837587
"960",4545,27.7661944868776
"961",5716,34.5723820359155
"962",1360,27.7190428961971
"963",5655,30.6889050860571
"964",1309,24.7639961466624
"965",2906,31.8934736382153
"966",4409,37.7685329737188
"967",444,31.6501114035467
"968",5160,28.689809180696
"969",2132,28.0024914957502
"970",4082,22.5797280673324
"971",4500,35.2944816925801
"972",2195,26.9019251307354
"973",757,32.3263261252177
"974",5274,30.9906024353146
"975",3915,29.9195933149011
"976",4493,35.0535795696888
"977",835,31.5134775157268
"978",4365,27.1278844105701
"979",5046,32.4854403866477
"980",4208,29.3922066251376
"981",1645,31.9601194747935
"982",1109,28.3863386889768
"983",3818,25.5920952053669
"984",84,32.1291522910617
"985",3230,30.1768151731583
"986",2197,29.6352205968389
"987",5607,34.2596378717742
"988",579,29.7745489331258
"989",3239,27.8383980063313
"990",5523,33.5610547486654
"991",3044,27.2474367133149
"992",240,26.6756240846512
"993",1952,28.5170873561266
"994",2378,26.3949740090094
"995",2938,22.4778890508782
"996",1390,32.8475446899483
"997",954,31.2140860000251
"998",4023,30.6157464827854
"999",1066,26.5896310572717
"1000",4253,31.4270868456109
"1001",1965,27.9728345289414
"1002",3963,27.0672148850604
"1003",203,26.4885214680097
"1004",1439,29.04746250822
"1005",5724,33.6458611371569
"1006",2509,24.5463856271488
"1007",2047,23.479020795771
"1008",2000,28.415711097244
"1009",165,27.7586386362746
"1010",4207,32.0203919607955
"1011",899,32.384238831079
"1012",3228,27.4829597547718
"1013",1142,27.4180916224994
"1014",808,31.672516589163
"1015",4800,29.998232258919
"1016",4939,37.9964685315189
"1017",2176,27.5631519303229
"1018",1384,27.4431057684019
"1019",5021,26.8343201044703
"1020",1493,29.8002512655662
"1021",3076,26.0776999022251
"1022",5200,30.1051214757828
"1023",3751,29.2498657402
"1024",4108,25.6135159853216
"1025",2516,23.1871762300102
"1026",2641,26.7289307265235
"1027",529,29.4849090535413
"1028",3379,33.9145411183127
"1029",2532,30.0394198606548
"1030",393,29.2426915682574
"1031",2215,29.3218223823586
"1032",405,33.0211729716315
"1033",1281,28.4299069391347
"1034",1636,31.6511879506593
"1035",191,25.3396638656223
"1036",5535,30.8800892329069
"1037",5336,33.7729163603488
"1038",2545,29.7078417860369
"1039",1250,26.7035331994855
"1040",2073,28.3827403186098
"1041",2189,30.7330923837063
"1042",5095,30.5532354848104
"1043",2501,26.3817107821517
"1044",3356,34.4992531613763
"1045",155,27.365022929559
"1046",1992,25.8513638351515
"1047",3152,26.8729646395087
"1048",1576,27.9471993755366
"1049",1163,30.9364648108456
"1050",2156,29.0863572089465
"1051",3164,25.3090963886362
"1052",978,31.386108244365
"1053",2572,27.3071379495427
"1054",4601,27.017789761144
"1055",2541,26.403002105394
"1056",4038,30.9852750700853
"1057",139,31.1005800098996
"1058",4069,26.3692522106041
"1059",5551,30.7346442267285
"1060",2418,28.7563124414756
"1061",2550,29.6556922248739
"1062",812,32.607145019044
"1063",5322,26.3517024082036
"1064",2715,24.3819962983624
"1065",118,31.0097535015527
"1066",1545,23.9007101445335
"1067",4241,29.6046350995515
"1068",5599,29.3820489540505
"1069",3401,30.9055336521331
"1070",2385,26.9589108530708
"1071",1466,30.2981850640917
"1072",1113,34.4397471724192
"1073",5343,26.1710820500612
"1074",479,33.424374664449
"1075",2045,22.0231431169325
"1076",3467,31.1360333209031
"1077",2094,27.8306493326397
"1078",3302,31.8862573666854
"1079",2582,27.2267032683684
"1080",3380,31.335819143116
"1081",322,28.7881932387205
"1082",5248,28.1530021466102
"1083",4299,31.7306784320743
"1084",648,28.9144357650598
"1085",414,30.2956808328907
"1086",255,28.8151253495787
"1087",5193,29.5106590314789
"1088",2249,31.7919616391409
"1089",5030,28.9638172622703
"1090",468,32.0412359574751
"1091",5746,32.5984970375655
"1092",3070,26.4467819424063
"1093",3853,35.3799643264731
"1094",741,30.0100495357259
"1095",2523,27.7886377407697
"1096",975,33.1227349335892
"1097",1386,31.6321337942284
"1098",4078,22.7228061592597
"1099",1246,28.9252749880598
"1100",5386,31.297334685001
"1101",747,24.726065831845
"1102",2520,28.0097407529186
"1103",4986,37.4776190146818
"1104",633,30.6905781936211
"1105",1705,30.5167114762712
"1106",2331,23.7907241207999
"1107",2363,26.2151742727208
"1108",4461,36.5037492622819
"1109",5524,32.1246100383125
"1110",3200,29.9372836199352
"1111",759,32.3985048553719
"1112",2919,29.8057615710088
"1113",5372,31.8761269016519
"1114",3685,19.8218610378651
"1115",3113,25.2975840652561
"1116",4603,28.4953084262979
"1117",4095,28.491061603659
"1118",5422,32.7417340175451
"1119",3595,26.4715352171869
"1120",337,29.3135560825108
"1121",510,32.801879047907
"1122",3201,29.8257774154774
"1123",1600,27.7729941328078
"1124",1572,29.0273366805471
"1125",5151,36.4859496740166
"1126",767,26.0445179930051
"1127",3351,34.0584378163815
"1128",3872,32.9510464680063
"1129",2820,32.7565098530066
"1130",88,29.4876539944801
"1131",851,27.2349650901346
"1132",4015,29.9364079430709
"1133",4380,29.562377615279
"1134",4322,26.8518029103835
"1135",5646,30.121341773879
"1136",3882,30.1765365499284
"1137",926,34.646605258827
"1138",1699,34.2679546976014
"1139",243,29.0171723701199
"1140",4490,37.7608077777699
"1141",2629,26.1371203421393
"1142",5,31.0184156452849
"1143",3885,29.8245631097615
"1144",5763,30.3724537724966
"1145",818,29.8985963453667
"1146",5429,29.5781888444643
"1147",2496,24.1785367582852
"1148",552,28.9635712970816
"1149",5708,30.3873568131679
"1150",471,30.8637890190139
"1151",1433,26.6796095158647
"1152",1297,30.4316565025966
"1153",4256,28.9527978851471
"1154",4565,29.1445186844423
"1155",4166,44.577768917543
"1156",5853,27.7926610511969
"1157",4385,31.0971298124489
"1158",1815,31.5926403420584
"1159",666,29.5930703030218
"1160",2979,23.4816514702274
"1161",5404,28.9956809164132
"1162",1253,25.597667498738
"1163",2178,30.4998430395546
"1164",3478,34.2633449182476
"1165",781,29.2774196256931
"1166",1462,31.5057258929901
"1167",2480,25.163294027562
"1168",1093,25.9273685165099
"1169",5170,32.5226016438741
"1170",5833,30.6766489685219
"1171",1407,31.8709428021829
"1172",2426,33.7305899760305
"1173",359,26.553001201142
"1174",2344,29.3986938156742
"1175",5718,34.6371937446029
"1176",4614,26.9521127358257
"1177",4774,31.6274826121909
"1178",2853,29.6509526233797
"1179",280,27.56598748523
"1180",5327,24.6600211742018
"1181",1880,24.6641900426923
"1182",4298,29.2030337975629
"1183",3234,28.0685787860643
"1184",2427,30.1445882365905
"1185",1964,26.3861249750436
"1186",3028,24.1078323371481
"1187",1839,30.6120784590571
"1188",1844,31.4548372548641
"1189",1484,30.446370738807
"1190",1156,30.8117299995272
"1191",4903,11.7311612540018
"1192",2196,28.5855986142236
"1193",2724,21.7839324424477
"1194",426,33.433008790351
"1195",3291,27.7249368347604
"1196",3905,28.4142193055941
"1197",4678,29.9612824923649
"1198",3458,32.0108178694172
"1199",3787,25.560777999497
"1200",2057,27.9026776254268
"1201",2190,28.670792173825
"1202",1724,33.4974133773885
"1203",5121,28.8620520442217
"1204",1520,29.3798464351762
"1205",4716,29.4528276822456
"1206",1456,30.5633843852033
"1207",1505,27.5308547748325
"1208",4190,38.1999835451674
"1209",2492,24.408515478054
"1210",400,27.531676157256
"1211",457,32.7420584779344
"1212",3481,28.7241722378859
"1213",5578,32.4050087193704
"1214",5563,32.9486512279818
"1215",3279,26.9872265971631
"1216",1458,29.0258286840082
"1217",3546,27.4062210637629
"1218",307,28.3440097972368
"1219",4044,41.2321469920714
"1220",285,24.7050991936938
"1221",3074,28.6567846127724
"1222",2369,26.9955538491939
"1223",2522,28.0544113191221
"1224",803,28.9894036018433
"1225",4368,28.9290639176333
"1226",1244,29.3244799148593
"1227",3823,25.9881844861322
"1228",718,32.4047505097099
"1229",5229,31.6637379919592
"1230",1674,28.5228635582955
"1231",1017,29.1955914854041
"1232",164,26.7122967146815
"1233",2015,26.4812327634991
"1234",293,24.0794805625944
"1235",5542,31.1339041461584
"1236",23,30.777757790083
"1237",4420,35.3062303737786
"1238",4198,27.5806410320537
"1239",4507,37.7137575829942
"1240",3558,31.3820908601312
"1241",1230,29.7036878218024
"1242",92,26.8210740593666
"1243",3482,30.4068852856919
"1244",4769,31.9696412663702
"1245",5166,32.6029911137055
"1246",5461,26.4678564238458
"1247",287,24.9772048245176
"1248",847,24.9613785023982
"1249",893,33.3596432161393
"1250",5566,33.6232524659314
"1251",4027,28.5484616524657
"1252",4033,29.8951973309767
"1253",1336,22.8038977760415
"1254",3341,37.2026379277273
"1255",1283,31.4432000508919
"1256",177,25.0147063259586
"1257",5409,29.8979920349288
"1258",3444,32.6979166034606
"1259",1453,30.0399775927899
"1260",4366,33.1211833065287
"1261",4050,30.281739447263
"1262",711,30.4449526295572
"1263",2895,32.1709236875124
"1264",2676,22.5143768004532
"1265",2220,28.1985231119177
"1266",1023,31.5691854332529
"1267",2446,26.5920463780964
"1268",1438,31.7282643267599
"1269",4282,28.5086536446087
"1270",5433,30.1172638991576
"1271",2647,28.3062380467267
"1272",1236,28.4043290582644
"1273",2078,26.6891939127212
"1274",4204,29.4639750180234
"1275",4773,35.2356227617856
"1276",4236,29.444582316291
"1277",4277,30.8787380980326
"1278",5180,36.6984201093117
"1279",4845,28.5661268177648
"1280",3319,28.2804469627225
"1281",4324,27.1212687906841
"1282",2316,25.7361615879385
"1283",5390,25.8020159713489
"1284",4670,29.0486470815066
"1285",3013,25.0392763974027
"1286",3405,34.6594555979737
"1287",3834,28.369247455156
"1288",4843,28.2874833223356
"1289",3769,25.5123799236405
"1290",1073,28.9595092846402
"1291",4656,28.8541781362376
"1292",4286,26.6751093826518
"1293",2671,28.7662915017053
"1294",1160,30.132770044816
"1295",2011,27.4309045717671
"1296",2860,29.3204860021002
"1297",5797,28.5669070805961
"1298",3755,30.1712751103032
"1299",2800,26.3977234686973
"1300",1637,32.3848099210469
"1301",2905,28.825055378007
"1302",2279,24.5681966791548
"1303",3826,27.6840319756183
"1304",3609,20.484892141127
"1305",5354,31.7837791304319
"1306",4820,31.9644031634112
"1307",4882,28.8104932576712
"1308",5391,30.7887489383828
"1309",2209,27.766992888035
"1310",4875,30.8908939919171
"1311",793,27.0692936848251
"1312",5628,32.1636021926327
"1313",5412,34.6228364190666
"1314",2007,28.6213853922967
"1315",2587,27.242111035204
"1316",3796,27.4634958896711
"1317",4330,27.4957454708616
"1318",5805,33.8160384683333
"1319",4772,30.0670525720018
"1320",5733,31.53534455658
"1321",5772,31.2391650255388
"1322",3438,31.249542735166
"1323",4181,30.48525445047
"1324",4075,23.2052831207451
"1325",4290,31.7121416377411
"1326",4134,28.3325115921364
"1327",5367,25.6266399829871
"1328",3852,33.7414434805288
"1329",2537,24.7391991340054
"1330",216,24.2394187768485
"1331",2099,25.0016506897187
"1332",1960,27.0155216182371
"1333",1780,31.7017756419309
"1334",5217,26.5388978256862
"1335",1957,25.9661934595555
"1336",4141,28.9020818027072
"1337",395,27.2063304732962
"1338",675,31.8095547660392
"1339",2799,27.6016482268501
"1340",5871,32.8104485716987
"1341",2375,29.4326954533202
"1342",320,28.7388765107445
"1343",729,29.8622129763025
"1344",5472,31.8886030917634
"1345",2627,31.1045953510189
"1346",4735,29.5160857553937
"1347",188,24.8528675795408
"1348",4913,37.27026517806
"1349",4269,27.9994969911918
"1350",386,24.5175467314478
"1351",3212,27.1393315106719
"1352",4361,28.3570729861774
"1353",641,30.5569336460803
"1354",1878,30.0814005652597
"1355",2066,24.8674688852592
"1356",4446,33.753373959522
"1357",3707,24.3756927437008
"1358",3855,28.7043392558793
"1359",4479,33.697959003178
"1360",259,27.0651546565955
"1361",2173,26.7258325093984
"1362",4220,25.9208372429528
"1363",4623,27.7975067808238
"1364",585,30.0635490232628
"1365",421,32.200623852174
"1366",2779,27.7877690349499
"1367",1051,29.4995664212662
"1368",3114,28.4886692210262
"1369",556,29.5584265265367
"1370",4080,28.1651942911945
"1371",5570,33.8064044374686
"1372",2403,26.1378243003532
"1373",1622,28.4321871717651
"1374",4752,27.222906464226
"1375",38,26.1950738657754
"1376",2128,27.1202833590461
"1377",5734,30.7058387038799
"1378",4518,37.1292830314883
"1379",4897,39.9095364497422
"1380",4017,29.749521787814
"1381",4492,39.2103582436604
"1382",1214,31.5974426550782
"1383",3119,25.9587362214456
"1384",2558,29.1672932015246
"1385",3771,29.9845349583425
"1386",3894,30.3850728525912
"1387",627,27.6828428223947
"1388",5219,33.03083423432
"1389",1946,24.1512191300441
"1390",4487,34.3114489882791
"1391",4288,28.6678751133664
"1392",916,32.986909168374
"1393",5351,29.3269940661597
"1394",1081,26.6094029548446
"1395",70,32.298217508761
"1396",622,30.8619232358981
"1397",4625,26.037190986184
"1398",1316,25.8299063534764
"1399",5701,32.6018827254135
"1400",2726,23.8764728973145
"1401",3776,24.702394678946
"1402",5261,30.6428037734286
"1403",5834,30.5149292274649
"1404",4021,30.4966575912665
"1405",3608,28.7974795993124
"1406",169,27.5220614500753
"1407",1791,31.0253651816029
"1408",2366,28.7041178121657
"1409",59,36.5102802998082
"1410",1829,31.2985978901502
"1411",3593,27.0215299198173
"1412",2283,25.6075230770062
"1413",41,32.3342302021861
"1414",4243,29.7058577556744
"1415",5753,28.4484574199286
"1416",4858,18.2838942138268
"1417",821,29.4806924681063
"1418",5079,30.134282676697
"1419",1913,26.3475544706152
"1420",308,31.4899265320343
"1421",2593,27.5338779592041
"1422",2755,24.1305488488791
"1423",3559,29.8500589538928
"1424",2273,27.4026423798193
"1425",3015,27.7502113056829
"1426",3611,24.890270597654
"1427",5001,27.4255502148345
"1428",2729,18.6859245756452
"1429",1912,25.1530858672732
"1430",717,27.3536745555952
"1431",5522,32.0912031477882
"1432",730,30.966980592335
"1433",110,34.5965120880262
"1434",3342,31.1985280739214
"1435",54,34.317671164646
"1436",2957,21.0718959900263
"1437",1481,29.8133377382875
"1438",2786,25.954578322497
"1439",3739,28.6263381987887
"1440",1279,32.6768795751878
"1441",1162,29.7122637259714
"1442",5194,27.8538659362588
"1443",4226,27.6457129883154
"1444",4294,35.4971421892915
"1445",5508,31.0092026151241
"1446",2100,24.7999856984708
"1447",4156,27.1270420300895
"1448",1714,34.0814176327181
"1449",2505,26.6237527407685
"1450",4987,31.0253320995051
"1451",5377,26.6540164971875
"1452",619,27.1556162492734
"1453",1895,25.3183719376836
"1454",1849,30.3631916036781
"1455",2461,26.5922477118411
"1456",225,24.9640529631054
"1457",5393,28.6203314738963
"1458",5825,30.8602666208705
"1459",2103,26.6614622284636
"1460",3499,29.6402162465417
"1461",4935,32.8938196897889
"1462",1734,34.4732823195366
"1463",2986,21.214435184395
"1464",3036,26.4792792177048
"1465",809,31.7736984368167
"1466",1476,30.3747971408508
"1467",1479,28.239707417414
"1468",2561,33.3316702262562
"1469",2839,30.5581750053861
"1470",275,26.2988573258085
"1471",657,30.3333727696227
"1472",4485,36.8075595117859
"1473",4624,28.3435293389001
"1474",261,25.8476988576389
"1475",4622,29.0413018877192
"1476",2637,26.2736722779816
"1477",5518,32.1794781370212
"1478",2584,32.0449934103537
"1479",2146,32.8416784359782
"1480",448,27.7954568588015
"1481",1174,29.8404146079418
"1482",681,32.256283326015
"1483",1552,28.9059175406618
"1484",607,30.9396385383864
"1485",4169,32.9086580119444
"1486",5705,31.5436832395614
"1487",2625,30.1988702913716
"1488",3986,36.230376575932
"1489",922,30.7754655378916
"1490",4114,27.9478570556461
"1491",1609,27.4503873421836
"1492",2113,24.1870317901386
"1493",4384,33.7587752270822
"1494",3577,28.0642408594118
"1495",1294,29.175764063188
"1496",1940,27.0007604972548
"1497",3990,32.9915622752837
"1498",3687,22.5901890862113
"1499",547,32.063264281008
"1500",4051,27.1401749364186
"1501",2393,29.7452755315189
"1502",663,29.7922196429937
"1503",4043,25.6373671778911
"1504",5091,27.2731195361878
"1505",874,28.0521879545242
"1506",1119,27.9206214563848
"1507",5207,28.0288723582471
"1508",3032,23.1085175621045
"1509",1321,24.3195321005782
"1510",2668,27.6690363110894
"1511",5619,25.8598876859448
"1512",5638,35.5919594812308
"1513",5874,31.4278226262881
"1514",1827,31.838361922304
"1515",1357,25.3241835637227
"1516",1350,30.7937086080303
"1517",4187,35.4307884120038
"1518",208,29.1024127565622
"1519",1519,28.6332514875203
"1520",5100,25.0244840265444
"1521",4589,26.2968998517893
"1522",5635,35.3348640595789
"1523",846,27.5469270296141
"1524",5214,32.5552830989911
"1525",3631,24.1587988147753
"1526",5487,33.8374567065411
"1527",4359,27.0718718050184
"1528",1855,31.5113220769462
"1529",2792,25.608587549923
"1530",3192,31.5347494790388
"1531",3493,30.8001061765555
"1532",5521,29.9940435013283
"1533",2377,27.8702959768612
"1534",4112,26.7927300780125
"1535",2088,25.7276068588879
"1536",2864,29.5969220382988
"1537",551,30.7237369590761
"1538",1341,28.0613577581109
"1539",2019,25.755007016087
"1540",1910,24.5360245326132
"1541",5621,36.4634649398585
"1542",3265,26.996114763001
"1543",3802,29.7940522177937
"1544",2389,27.5366669753741
"1545",4003,26.4101234826937
"1546",2247,30.8118205301613
"1547",3283,24.4427247131833
"1548",1744,33.3213937718426
"1549",1565,23.3735337538842
"1550",1186,31.4352888374319
"1551",4171,27.6125015383459
"1552",3700,25.1021758269648
"1553",3452,34.4599665538054
"1554",5036,35.2440711837581
"1555",1723,32.5297918892926
"1556",5737,30.3983439861861
"1557",142,31.4565839227499
"1558",2773,25.1525171996584
"1559",3016,25.6230146122814
"1560",2738,24.2096976726286
"1561",562,28.4658909507524
"1562",4804,33.001605171285
"1563",1919,27.2839208881869
"1564",3027,28.0223638462103
"1565",3523,33.2357304598952
"1566",816,33.7646870835841
"1567",3574,28.9288631966156
"1568",635,28.6574059076282
"1569",595,33.2269636126368
"1570",2620,27.7758855861855
"1571",5624,28.142526144473
"1572",1197,26.8959848804757
"1573",3657,24.6067052038595
"1574",2334,30.1200111257541
"1575",5706,34.3038546644887
"1576",4394,33.4608258396631
"1577",4740,29.5102932458658
"1578",197,23.9857177061609
"1579",5206,31.9152842950247
"1580",311,26.5919551116908
"1581",4313,26.0228190146918
"1582",3304,28.5594355497882
"1583",4004,28.7089140598174
"1584",316,29.2267898391565
"1585",1851,27.0667286969805
"1586",184,28.2912625722003
"1587",775,33.1234482646297
"1588",2185,26.2083125508048
"1589",3082,25.6638878154445
"1590",2246,27.1543725372877
"1591",1656,34.4437440489764
"1592",4432,35.5704262487537
"1593",3363,32.8207937889884
"1594",1939,25.1356864751879
"1595",1907,26.7398308459278
"1596",4504,35.5251103828205
"1597",2017,20.6332453027863
"1598",4382,28.0927358674879
"1599",332,31.0969222819137
"1600",5614,29.9708126614856
"1601",3625,21.8855017092366
"1602",4874,31.4866870153578
"1603",2507,30.6217334864986
"1604",4496,35.1764236978913
"1605",4849,29.05842464769
"1606",4956,25.8464553138432
"1607",955,31.7393936060198
"1608",1706,28.647795980752
"1609",3155,27.0456296236665
"1610",773,27.0836473295071
"1611",2596,31.7733555977628
"1612",1365,28.2013367498814
"1613",1201,30.837436805201
"1614",2009,29.7677426418559
"1615",1091,21.4796901732149
"1616",4544,29.2650785803791
"1617",2825,33.7168870585844
"1618",2732,21.4351565615626
"1619",2,25.8987807684045
"1620",3159,25.9979154010091
"1621",5066,27.4277814769777
"1622",2727,25.4092401547933
"1623",3009,22.3907265251385
"1624",565,31.5377307680743
"1625",2219,30.1253835346131
"1626",1060,28.241841615074
"1627",3450,33.2290108500025
"1628",959,32.4423000682367
"1629",3061,27.8822934222477
"1630",1830,27.5670839706482
"1631",1181,26.6883468991798
"1632",3851,32.0003780740695
"1633",5687,30.2368798837843
"1634",473,30.9678072481125
"1635",4172,31.0430758532577
"1636",2730,21.0240724534395
"1637",2577,31.1196562998219
"1638",2396,27.4120351154317
"1639",27,30.1210088848811
"1640",3777,31.3625071243844
"1641",603,28.8373275707924
"1642",3225,28.9456848487409
"1643",3066,28.5810978286844
"1644",3860,31.6161338436265
"1645",4494,37.5651577528876
"1646",3195,28.7694244226901
"1647",3891,27.5487670593891
"1648",5554,30.7689912283783
"1649",4008,30.966733599914
"1650",894,33.5995882992952
"1651",1509,28.1166863235789
"1652",1254,26.5687124067394
"1653",2689,23.3483966625601
"1654",5287,18.2788741999606
"1655",2795,27.2140475792047
"1656",4896,37.2535538726946
"1657",1370,25.9550316359192
"1658",1411,30.7690199853349
"1659",411,28.3439064998859
"1660",5446,30.197475793435
"1661",1811,31.4354878701307
"1662",2733,26.1923349958651
"1663",532,29.7932006978375
"1664",1846,32.3357143259505
"1665",4321,25.8465011979431
"1666",4200,28.8890600684851
"1667",2040,26.5350441235749
"1668",5337,30.2570148765314
"1669",5027,32.222551335235
"1670",1273,27.0835692984323
"1671",3494,27.5409802164675
"1672",792,29.9848469865724
"1673",1692,29.1257778416447
"1674",2285,26.4422072002454
"1675",1262,28.2621848554636
"1676",2380,29.8417458985903
"1677",484,28.1487245777526
"1678",1682,35.3118834644659
"1679",3391,29.500047129316
"1680",3929,27.6050198005628
"1681",1468,29.7550627285373
"1682",1804,28.7602040489108
"1683",3077,25.0898928351632
"1684",71,31.5742812172231
"1685",5435,30.1148326675154
"1686",5052,25.6779511851013
"1687",3073,22.571656368548
"1688",19,29.9667685570365
"1689",3068,27.3234596580908
"1690",4977,35.928677811671
"1691",4400,35.8135718107587
"1692",986,33.0572504721867
"1693",5798,30.4322677614662
"1694",5627,33.3610519391075
"1695",1208,27.8472982478503
"1696",2874,28.5753157776042
"1697",2804,25.2828769096359
"1698",5019,32.3845926966359
"1699",932,30.7511311624974
"1700",3242,28.658785146886
"1701",131,30.6312022227008
"1702",1653,29.2910060631536
"1703",1399,30.2419086373977
"1704",2610,27.8013079886031
"1705",1882,25.5723030595138
"1706",3988,27.6816894116419
"1707",375,30.2452329976131
"1708",2743,19.5070379099359
"1709",5839,31.2691014832015
"1710",1258,27.8272352047234
"1711",1902,25.5029183714504
"1712",1245,29.8419386570103
"1713",1040,32.373361835547
"1714",5576,36.3423434052327
"1715",465,32.0837185093046
"1716",3053,26.5472676883033
"1717",80,30.0807379885088
"1718",3367,30.4092711061805
"1719",1794,29.6733776695136
"1720",4651,27.0041846612041
"1721",2411,25.1020981105348
"1722",2090,30.3431362742106
"1723",5759,31.1656260438177
"1724",931,33.4898065135906
"1725",5335,27.3194491739922
"1726",2348,27.1334331668492
"1727",2538,25.3229447014342
"1728",4842,28.3890487892146
"1729",2782,25.0267842134906
"1730",32,35.1983647583155
"1731",2376,29.5994969600298
"1732",1831,32.5313090482616
"1733",2757,23.4377650252457
"1734",481,31.0028393495274
